Week_id,Weekend_date
1,14-03-15
2,21-03-15
3,28-03-15
4,04-04-15
5,11-04-15
6,18-04-15
7,25-04-15
8,02-05-15
9,09-05-15
10,16-05-15
11,23-05-15
12,30-05-15
13,06-06-15
14,13-06-15
15,20-06-15
16,27-06-15
17,04-07-15
18,11-07-15
19,18-07-15
20,25-07-15
21,01-08-15
22,08-08-15
23,15-08-15
24,22-08-15
25,29-08-15
26,05-09-15
27,12-09-15
28,19-09-15
29,26-09-15
30,03-10-15
31,10-10-15
32,17-10-15
33,24-10-15
34,31-10-15
35,07-11-15
36,14-11-15
37,21-11-15
38,28-11-15
39,05-12-15
40,12-12-15
41,19-12-15
42,26-12-15
43,02-01-16
44,09-01-16
45,16-01-16
46,23-01-16
47,30-01-16
48,06-02-16
49,13-02-16
50,20-02-16
51,27-02-16
52,05-03-16
53,12-03-16
54,19-03-16
55,26-03-16
56,02-04-16
57,09-04-16
58,16-04-16
59,23-04-16
60,30-04-16
61,07-05-16
62,14-05-16
63,21-05-16
64,28-05-16
65,04-06-16
66,11-06-16
67,18-06-16
68,25-06-16
69,02-07-16
70,09-07-16
71,16-07-16
72,23-07-16
73,30-07-16
74,06-08-16
75,13-08-16
76,20-08-16
77,27-08-16
78,03-09-16
79,10-09-16
80,17-09-16
81,24-09-16
82,01-10-16
83,08-10-16
84,15-10-16
85,22-10-16
86,29-10-16
87,05-11-16
88,12-11-16
89,19-11-16
90,26-11-16
91,03-12-16
92,10-12-16
93,17-12-16
94,24-12-16
95,31-12-16
96,07-01-17
97,14-01-17
98,21-01-17
99,28-01-17
100,04-02-17
101,11-02-17
102,18-02-17
103,25-02-17
104,04-03-17
105,11-03-17
106,18-03-17
107,25-03-17
108,01-04-17
109,08-04-17
110,15-04-17
111,22-04-17
112,29-04-17
113,06-05-17
114,13-05-17
115,20-05-17
116,27-05-17
117,03-06-17
118,10-06-17
119,17-06-17
120,24-06-17
121,01-07-17
122,08-07-17
123,15-07-17
124,22-07-17
125,29-07-17
126,05-08-17
127,12-08-17
128,19-08-17
129,26-08-17
130,02-09-17
131,09-09-17
132,16-09-17
133,23-09-17
134,30-09-17
135,07-10-17
136,14-10-17
137,21-10-17
138,28-10-17
139,04-11-17
140,11-11-17
141,18-11-17
142,25-11-17
143,02-12-17
144,09-12-17
145,16-12-17
146,23-12-17
147,30-12-17
148,06-01-18
149,13-01-18
150,20-01-18
151,27-01-18
152,03-02-18
153,10-02-18
154,17-02-18
155,24-02-18
156,03-03-18
